year,period_start,period_end,geo_level,geo_code,geo_name,dataset,metric,dimension,dimension_value,value,unit,source_org,tier,as_of_date,retrieved_on,source_table,source_edition,source_url,notes
2022,2022-01-01,2022-12-31,aggregate,IN-STATES,Total (States),cac_police,chargesheeting_rate_pct,none,,65.2,percent,NCRB,1,2022-12-31,2026-09-25,Table 4A.1 (PDF p. 369),Crime in India 2022,https://ncrb.gov.in/en/crime-india,"Extracted from NCRB Crime in India 2022, Vol. I (PDF, SHA-256 7c5ee3128b0b6bc7…, copy retrieved via https://data.opencity.in/dataset/crime-in-india-2022) — see data/raw/ncrb/2022/PROVENANCE.md."
2023,2023-01-01,2023-12-31,aggregate,IN-STATES,Total (States),cac_police,chargesheeting_rate_pct,none,,66.1,percent,NCRB,1,2023-12-31,2026-09-25,Table 4A.1 (PDF p. 369),Crime in India 2023,https://ncrb.gov.in/en/crime-india,"Extracted from NCRB Crime in India 2023, Vol. I (PDF, SHA-256 553ac8b2eadfe9e2…, copy retrieved via https://data.opencity.in/dataset/crime-in-india-2023) — see data/raw/ncrb/2023/PROVENANCE.md."
2024,2024-01-01,2024-12-31,aggregate,IN-STATES,Total (States),cac_police,chargesheeting_rate_pct,none,,62.7,percent,NCRB,1,2024-12-31,2026-09-25,Table 4A.1 (PDF p. 461),Crime in India 2024,https://ncrb.gov.in/en/crime-india,"Extracted from NCRB Crime in India 2024, Vol. I (PDF, SHA-256 75b827bdcfcd5e64…, copy retrieved via https://data.opencity.in/dataset/crime-in-india-2024) — see data/raw/ncrb/2024/PROVENANCE.md."
2024,2024-01-01,2024-12-31,aggregate,IN-STATES,Total (States),cac_police,pendency_pct,none,,32.2,percent,NCRB,1,2024-12-31,2026-09-25,Table 4A.4 (PDF p. 504),Crime in India 2024,https://ncrb.gov.in/en/crime-india,"Extracted from NCRB Crime in India 2024, Vol. I (PDF, SHA-256 75b827bdcfcd5e64…, copy retrieved via https://data.opencity.in/dataset/crime-in-india-2024) — see data/raw/ncrb/2024/PROVENANCE.md."
2022,2022-01-01,2022-12-31,aggregate,IN-UTS,Total (UTs),cac_police,chargesheeting_rate_pct,none,,37.2,percent,NCRB,1,2022-12-31,2026-09-25,Table 4A.1 (PDF p. 369),Crime in India 2022,https://ncrb.gov.in/en/crime-india,"Extracted from NCRB Crime in India 2022, Vol. I (PDF, SHA-256 7c5ee3128b0b6bc7…, copy retrieved via https://data.opencity.in/dataset/crime-in-india-2022) — see data/raw/ncrb/2022/PROVENANCE.md."
2023,2023-01-01,2023-12-31,aggregate,IN-UTS,Total (UTs),cac_police,chargesheeting_rate_pct,none,,35.5,percent,NCRB,1,2023-12-31,2026-09-25,Table 4A.1 (PDF p. 369),Crime in India 2023,https://ncrb.gov.in/en/crime-india,"Extracted from NCRB Crime in India 2023, Vol. I (PDF, SHA-256 553ac8b2eadfe9e2…, copy retrieved via https://data.opencity.in/dataset/crime-in-india-2023) — see data/raw/ncrb/2023/PROVENANCE.md."
2024,2024-01-01,2024-12-31,aggregate,IN-UTS,Total (UTs),cac_police,chargesheeting_rate_pct,none,,36.3,percent,NCRB,1,2024-12-31,2026-09-25,Table 4A.1 (PDF p. 461),Crime in India 2024,https://ncrb.gov.in/en/crime-india,"Extracted from NCRB Crime in India 2024, Vol. I (PDF, SHA-256 75b827bdcfcd5e64…, copy retrieved via https://data.opencity.in/dataset/crime-in-india-2024) — see data/raw/ncrb/2024/PROVENANCE.md."
2024,2024-01-01,2024-12-31,aggregate,IN-UTS,Total (UTs),cac_police,pendency_pct,none,,49.7,percent,NCRB,1,2024-12-31,2026-09-25,Table 4A.4 (PDF p. 504),Crime in India 2024,https://ncrb.gov.in/en/crime-india,"Extracted from NCRB Crime in India 2024, Vol. I (PDF, SHA-256 75b827bdcfcd5e64…, copy retrieved via https://data.opencity.in/dataset/crime-in-india-2024) — see data/raw/ncrb/2024/PROVENANCE.md."
2024,2024-01-01,2024-12-31,city,CITY-Ahmedabad,Ahmedabad,cac_police,chargesheeting_rate_pct,none,,82.9,percent,NCRB,1,2024-12-31,2026-09-25,"Table 4B.1 (NCRB Excel table, via OpenCity)",Crime in India 2024,https://ncrb.gov.in/en/crime-india,"Extracted from NCRB Crime in India 2024, Vol. I (PDF, SHA-256 75b827bdcfcd5e64…, copy retrieved via https://data.opencity.in/dataset/crime-in-india-2024) — see data/raw/ncrb/2024/PROVENANCE.md."
2024,2024-01-01,2024-12-31,city,CITY-Bengaluru,Bengaluru,cac_police,chargesheeting_rate_pct,none,,37.0,percent,NCRB,1,2024-12-31,2026-09-25,"Table 4B.1 (NCRB Excel table, via OpenCity)",Crime in India 2024,https://ncrb.gov.in/en/crime-india,"Extracted from NCRB Crime in India 2024, Vol. I (PDF, SHA-256 75b827bdcfcd5e64…, copy retrieved via https://data.opencity.in/dataset/crime-in-india-2024) — see data/raw/ncrb/2024/PROVENANCE.md."
2024,2024-01-01,2024-12-31,city,CITY-Chennai,Chennai,cac_police,chargesheeting_rate_pct,none,,96.0,percent,NCRB,1,2024-12-31,2026-09-25,"Table 4B.1 (NCRB Excel table, via OpenCity)",Crime in India 2024,https://ncrb.gov.in/en/crime-india,"Extracted from NCRB Crime in India 2024, Vol. I (PDF, SHA-256 75b827bdcfcd5e64…, copy retrieved via https://data.opencity.in/dataset/crime-in-india-2024) — see data/raw/ncrb/2024/PROVENANCE.md."
2024,2024-01-01,2024-12-31,city,CITY-Coimbatore,Coimbatore,cac_police,chargesheeting_rate_pct,none,,96.2,percent,NCRB,1,2024-12-31,2026-09-25,"Table 4B.1 (NCRB Excel table, via OpenCity)",Crime in India 2024,https://ncrb.gov.in/en/crime-india,"Extracted from NCRB Crime in India 2024, Vol. I (PDF, SHA-256 75b827bdcfcd5e64…, copy retrieved via https://data.opencity.in/dataset/crime-in-india-2024) — see data/raw/ncrb/2024/PROVENANCE.md."
2024,2024-01-01,2024-12-31,city,CITY-Delhi,Delhi,cac_police,chargesheeting_rate_pct,none,,31.7,percent,NCRB,1,2024-12-31,2026-09-25,"Table 4B.1 (NCRB Excel table, via OpenCity)",Crime in India 2024,https://ncrb.gov.in/en/crime-india,"Extracted from NCRB Crime in India 2024, Vol. I (PDF, SHA-256 75b827bdcfcd5e64…, copy retrieved via https://data.opencity.in/dataset/crime-in-india-2024) — see data/raw/ncrb/2024/PROVENANCE.md."
2024,2024-01-01,2024-12-31,city,CITY-Ghaziabad,Ghaziabad,cac_police,chargesheeting_rate_pct,none,,47.4,percent,NCRB,1,2024-12-31,2026-09-25,"Table 4B.1 (NCRB Excel table, via OpenCity)",Crime in India 2024,https://ncrb.gov.in/en/crime-india,"Extracted from NCRB Crime in India 2024, Vol. I (PDF, SHA-256 75b827bdcfcd5e64…, copy retrieved via https://data.opencity.in/dataset/crime-in-india-2024) — see data/raw/ncrb/2024/PROVENANCE.md."
2024,2024-01-01,2024-12-31,city,CITY-Hyderabad,Hyderabad,cac_police,chargesheeting_rate_pct,none,,59.3,percent,NCRB,1,2024-12-31,2026-09-25,"Table 4B.1 (NCRB Excel table, via OpenCity)",Crime in India 2024,https://ncrb.gov.in/en/crime-india,"Extracted from NCRB Crime in India 2024, Vol. I (PDF, SHA-256 75b827bdcfcd5e64…, copy retrieved via https://data.opencity.in/dataset/crime-in-india-2024) — see data/raw/ncrb/2024/PROVENANCE.md."
2024,2024-01-01,2024-12-31,city,CITY-Indore,Indore,cac_police,chargesheeting_rate_pct,none,,46.3,percent,NCRB,1,2024-12-31,2026-09-25,"Table 4B.1 (NCRB Excel table, via OpenCity)",Crime in India 2024,https://ncrb.gov.in/en/crime-india,"Extracted from NCRB Crime in India 2024, Vol. I (PDF, SHA-256 75b827bdcfcd5e64…, copy retrieved via https://data.opencity.in/dataset/crime-in-india-2024) — see data/raw/ncrb/2024/PROVENANCE.md."
2024,2024-01-01,2024-12-31,city,CITY-Jaipur,Jaipur,cac_police,chargesheeting_rate_pct,none,,33.9,percent,NCRB,1,2024-12-31,2026-09-25,"Table 4B.1 (NCRB Excel table, via OpenCity)",Crime in India 2024,https://ncrb.gov.in/en/crime-india,"Extracted from NCRB Crime in India 2024, Vol. I (PDF, SHA-256 75b827bdcfcd5e64…, copy retrieved via https://data.opencity.in/dataset/crime-in-india-2024) — see data/raw/ncrb/2024/PROVENANCE.md."
2024,2024-01-01,2024-12-31,city,CITY-Kanpur,Kanpur,cac_police,chargesheeting_rate_pct,none,,79.2,percent,NCRB,1,2024-12-31,2026-09-25,"Table 4B.1 (NCRB Excel table, via OpenCity)",Crime in India 2024,https://ncrb.gov.in/en/crime-india,"Extracted from NCRB Crime in India 2024, Vol. I (PDF, SHA-256 75b827bdcfcd5e64…, copy retrieved via https://data.opencity.in/dataset/crime-in-india-2024) — see data/raw/ncrb/2024/PROVENANCE.md."
2024,2024-01-01,2024-12-31,city,CITY-Kochi,Kochi,cac_police,chargesheeting_rate_pct,none,,91.1,percent,NCRB,1,2024-12-31,2026-09-25,"Table 4B.1 (NCRB Excel table, via OpenCity)",Crime in India 2024,https://ncrb.gov.in/en/crime-india,"Extracted from NCRB Crime in India 2024, Vol. I (PDF, SHA-256 75b827bdcfcd5e64…, copy retrieved via https://data.opencity.in/dataset/crime-in-india-2024) — see data/raw/ncrb/2024/PROVENANCE.md."
2024,2024-01-01,2024-12-31,city,CITY-Kolkata,Kolkata,cac_police,chargesheeting_rate_pct,none,,99.6,percent,NCRB,1,2024-12-31,2026-09-25,"Table 4B.1 (NCRB Excel table, via OpenCity)",Crime in India 2024,https://ncrb.gov.in/en/crime-india,"Extracted from NCRB Crime in India 2024, Vol. I (PDF, SHA-256 75b827bdcfcd5e64…, copy retrieved via https://data.opencity.in/dataset/crime-in-india-2024) — see data/raw/ncrb/2024/PROVENANCE.md."
2024,2024-01-01,2024-12-31,city,CITY-Kozhikode,Kozhikode,cac_police,chargesheeting_rate_pct,none,,86.7,percent,NCRB,1,2024-12-31,2026-09-25,"Table 4B.1 (NCRB Excel table, via OpenCity)",Crime in India 2024,https://ncrb.gov.in/en/crime-india,"Extracted from NCRB Crime in India 2024, Vol. I (PDF, SHA-256 75b827bdcfcd5e64…, copy retrieved via https://data.opencity.in/dataset/crime-in-india-2024) — see data/raw/ncrb/2024/PROVENANCE.md."
2024,2024-01-01,2024-12-31,city,CITY-Lucknow,Lucknow,cac_police,chargesheeting_rate_pct,none,,59.9,percent,NCRB,1,2024-12-31,2026-09-25,"Table 4B.1 (NCRB Excel table, via OpenCity)",Crime in India 2024,https://ncrb.gov.in/en/crime-india,"Extracted from NCRB Crime in India 2024, Vol. I (PDF, SHA-256 75b827bdcfcd5e64…, copy retrieved via https://data.opencity.in/dataset/crime-in-india-2024) — see data/raw/ncrb/2024/PROVENANCE.md."
2024,2024-01-01,2024-12-31,city,CITY-Mumbai,Mumbai,cac_police,chargesheeting_rate_pct,none,,52.3,percent,NCRB,1,2024-12-31,2026-09-25,"Table 4B.1 (NCRB Excel table, via OpenCity)",Crime in India 2024,https://ncrb.gov.in/en/crime-india,"Extracted from NCRB Crime in India 2024, Vol. I (PDF, SHA-256 75b827bdcfcd5e64…, copy retrieved via https://data.opencity.in/dataset/crime-in-india-2024) — see data/raw/ncrb/2024/PROVENANCE.md."
2024,2024-01-01,2024-12-31,city,CITY-Nagpur,Nagpur,cac_police,chargesheeting_rate_pct,none,,42.6,percent,NCRB,1,2024-12-31,2026-09-25,"Table 4B.1 (NCRB Excel table, via OpenCity)",Crime in India 2024,https://ncrb.gov.in/en/crime-india,"Extracted from NCRB Crime in India 2024, Vol. I (PDF, SHA-256 75b827bdcfcd5e64…, copy retrieved via https://data.opencity.in/dataset/crime-in-india-2024) — see data/raw/ncrb/2024/PROVENANCE.md."
2024,2024-01-01,2024-12-31,city,CITY-Patna,Patna,cac_police,chargesheeting_rate_pct,none,,72.7,percent,NCRB,1,2024-12-31,2026-09-25,"Table 4B.1 (NCRB Excel table, via OpenCity)",Crime in India 2024,https://ncrb.gov.in/en/crime-india,"Extracted from NCRB Crime in India 2024, Vol. I (PDF, SHA-256 75b827bdcfcd5e64…, copy retrieved via https://data.opencity.in/dataset/crime-in-india-2024) — see data/raw/ncrb/2024/PROVENANCE.md."
2024,2024-01-01,2024-12-31,city,CITY-Pune,Pune,cac_police,chargesheeting_rate_pct,none,,57.7,percent,NCRB,1,2024-12-31,2026-09-25,"Table 4B.1 (NCRB Excel table, via OpenCity)",Crime in India 2024,https://ncrb.gov.in/en/crime-india,"Extracted from NCRB Crime in India 2024, Vol. I (PDF, SHA-256 75b827bdcfcd5e64…, copy retrieved via https://data.opencity.in/dataset/crime-in-india-2024) — see data/raw/ncrb/2024/PROVENANCE.md."
2024,2024-01-01,2024-12-31,city,CITY-Surat,Surat,cac_police,chargesheeting_rate_pct,none,,52.9,percent,NCRB,1,2024-12-31,2026-09-25,"Table 4B.1 (NCRB Excel table, via OpenCity)",Crime in India 2024,https://ncrb.gov.in/en/crime-india,"Extracted from NCRB Crime in India 2024, Vol. I (PDF, SHA-256 75b827bdcfcd5e64…, copy retrieved via https://data.opencity.in/dataset/crime-in-india-2024) — see data/raw/ncrb/2024/PROVENANCE.md."
2022,2022-01-01,2022-12-31,country,IN,India,cac_police,chargesheeting_rate_pct,none,,63.8,percent,NCRB,1,2022-12-31,2026-09-25,Table 4A.1 (PDF p. 369),Crime in India 2022,https://ncrb.gov.in/en/crime-india,"Extracted from NCRB Crime in India 2022, Vol. I (PDF, SHA-256 7c5ee3128b0b6bc7…, copy retrieved via https://data.opencity.in/dataset/crime-in-india-2022) — see data/raw/ncrb/2022/PROVENANCE.md."
2023,2023-01-01,2023-12-31,country,IN,India,cac_police,chargesheeting_rate_pct,none,,64.3,percent,NCRB,1,2023-12-31,2026-09-25,Table 4A.1 (PDF p. 369),Crime in India 2023,https://ncrb.gov.in/en/crime-india,"Extracted from NCRB Crime in India 2023, Vol. I (PDF, SHA-256 553ac8b2eadfe9e2…, copy retrieved via https://data.opencity.in/dataset/crime-in-india-2023) — see data/raw/ncrb/2023/PROVENANCE.md."
2024,2024-01-01,2024-12-31,country,IN,India,cac_police,chargesheeting_rate_pct,none,,61.4,percent,NCRB,1,2024-12-31,2026-09-25,Table 4A.1 (PDF p. 461),Crime in India 2024,https://ncrb.gov.in/en/crime-india,"Extracted from NCRB Crime in India 2024, Vol. I (PDF, SHA-256 75b827bdcfcd5e64…, copy retrieved via https://data.opencity.in/dataset/crime-in-india-2024) — see data/raw/ncrb/2024/PROVENANCE.md."
2024,2024-01-01,2024-12-31,country,IN,India,cac_police,pendency_pct,none,,33.4,percent,NCRB,1,2024-12-31,2026-09-25,Table 4A.4 (PDF p. 504),Crime in India 2024,https://ncrb.gov.in/en/crime-india,"Extracted from NCRB Crime in India 2024, Vol. I (PDF, SHA-256 75b827bdcfcd5e64…, copy retrieved via https://data.opencity.in/dataset/crime-in-india-2024) — see data/raw/ncrb/2024/PROVENANCE.md."
2022,2022-01-01,2022-12-31,state,AN,Andaman & Nicobar,cac_police,chargesheeting_rate_pct,none,,89.9,percent,NCRB,1,2022-12-31,2026-09-25,Table 4A.1 (PDF p. 369),Crime in India 2022,https://ncrb.gov.in/en/crime-india,"Extracted from NCRB Crime in India 2022, Vol. I (PDF, SHA-256 7c5ee3128b0b6bc7…, copy retrieved via https://data.opencity.in/dataset/crime-in-india-2022) — see data/raw/ncrb/2022/PROVENANCE.md."
2023,2023-01-01,2023-12-31,state,AN,Andaman & Nicobar,cac_police,chargesheeting_rate_pct,none,,87.7,percent,NCRB,1,2023-12-31,2026-09-25,Table 4A.1 (PDF p. 369),Crime in India 2023,https://ncrb.gov.in/en/crime-india,"Extracted from NCRB Crime in India 2023, Vol. I (PDF, SHA-256 553ac8b2eadfe9e2…, copy retrieved via https://data.opencity.in/dataset/crime-in-india-2023) — see data/raw/ncrb/2023/PROVENANCE.md."
2024,2024-01-01,2024-12-31,state,AN,Andaman & Nicobar,cac_police,chargesheeting_rate_pct,none,,89.1,percent,NCRB,1,2024-12-31,2026-09-25,Table 4A.1 (PDF p. 461),Crime in India 2024,https://ncrb.gov.in/en/crime-india,"Extracted from NCRB Crime in India 2024, Vol. I (PDF, SHA-256 75b827bdcfcd5e64…, copy retrieved via https://data.opencity.in/dataset/crime-in-india-2024) — see data/raw/ncrb/2024/PROVENANCE.md."
2024,2024-01-01,2024-12-31,state,AN,Andaman & Nicobar,cac_police,pendency_pct,none,,9.3,percent,NCRB,1,2024-12-31,2026-09-25,Table 4A.4 (PDF p. 504),Crime in India 2024,https://ncrb.gov.in/en/crime-india,"Extracted from NCRB Crime in India 2024, Vol. I (PDF, SHA-256 75b827bdcfcd5e64…, copy retrieved via https://data.opencity.in/dataset/crime-in-india-2024) — see data/raw/ncrb/2024/PROVENANCE.md."
2022,2022-01-01,2022-12-31,state,AP,Andhra Pradesh,cac_police,chargesheeting_rate_pct,none,,88.1,percent,NCRB,1,2022-12-31,2026-09-25,Table 4A.1 (PDF p. 369),Crime in India 2022,https://ncrb.gov.in/en/crime-india,"Extracted from NCRB Crime in India 2022, Vol. I (PDF, SHA-256 7c5ee3128b0b6bc7…, copy retrieved via https://data.opencity.in/dataset/crime-in-india-2022) — see data/raw/ncrb/2022/PROVENANCE.md."
2023,2023-01-01,2023-12-31,state,AP,Andhra Pradesh,cac_police,chargesheeting_rate_pct,none,,91.3,percent,NCRB,1,2023-12-31,2026-09-25,Table 4A.1 (PDF p. 369),Crime in India 2023,https://ncrb.gov.in/en/crime-india,"Extracted from NCRB Crime in India 2023, Vol. I (PDF, SHA-256 553ac8b2eadfe9e2…, copy retrieved via https://data.opencity.in/dataset/crime-in-india-2023) — see data/raw/ncrb/2023/PROVENANCE.md."
2024,2024-01-01,2024-12-31,state,AP,Andhra Pradesh,cac_police,chargesheeting_rate_pct,none,,88.5,percent,NCRB,1,2024-12-31,2026-09-25,Table 4A.1 (PDF p. 461),Crime in India 2024,https://ncrb.gov.in/en/crime-india,"Extracted from NCRB Crime in India 2024, Vol. I (PDF, SHA-256 75b827bdcfcd5e64…, copy retrieved via https://data.opencity.in/dataset/crime-in-india-2024) — see data/raw/ncrb/2024/PROVENANCE.md."
2024,2024-01-01,2024-12-31,state,AP,Andhra Pradesh,cac_police,pendency_pct,none,,54.7,percent,NCRB,1,2024-12-31,2026-09-25,Table 4A.4 (PDF p. 504),Crime in India 2024,https://ncrb.gov.in/en/crime-india,"Extracted from NCRB Crime in India 2024, Vol. I (PDF, SHA-256 75b827bdcfcd5e64…, copy retrieved via https://data.opencity.in/dataset/crime-in-india-2024) — see data/raw/ncrb/2024/PROVENANCE.md."
2022,2022-01-01,2022-12-31,state,AR,Arunachal Pradesh,cac_police,chargesheeting_rate_pct,none,,72.0,percent,NCRB,1,2022-12-31,2026-09-25,Table 4A.1 (PDF p. 369),Crime in India 2022,https://ncrb.gov.in/en/crime-india,"Extracted from NCRB Crime in India 2022, Vol. I (PDF, SHA-256 7c5ee3128b0b6bc7…, copy retrieved via https://data.opencity.in/dataset/crime-in-india-2022) — see data/raw/ncrb/2022/PROVENANCE.md."
2023,2023-01-01,2023-12-31,state,AR,Arunachal Pradesh,cac_police,chargesheeting_rate_pct,none,,70.0,percent,NCRB,1,2023-12-31,2026-09-25,Table 4A.1 (PDF p. 369),Crime in India 2023,https://ncrb.gov.in/en/crime-india,"Extracted from NCRB Crime in India 2023, Vol. I (PDF, SHA-256 553ac8b2eadfe9e2…, copy retrieved via https://data.opencity.in/dataset/crime-in-india-2023) — see data/raw/ncrb/2023/PROVENANCE.md."
2024,2024-01-01,2024-12-31,state,AR,Arunachal Pradesh,cac_police,chargesheeting_rate_pct,none,,73.7,percent,NCRB,1,2024-12-31,2026-09-25,Table 4A.1 (PDF p. 461),Crime in India 2024,https://ncrb.gov.in/en/crime-india,"Extracted from NCRB Crime in India 2024, Vol. I (PDF, SHA-256 75b827bdcfcd5e64…, copy retrieved via https://data.opencity.in/dataset/crime-in-india-2024) — see data/raw/ncrb/2024/PROVENANCE.md."
2024,2024-01-01,2024-12-31,state,AR,Arunachal Pradesh,cac_police,pendency_pct,none,,49.7,percent,NCRB,1,2024-12-31,2026-09-25,Table 4A.4 (PDF p. 504),Crime in India 2024,https://ncrb.gov.in/en/crime-india,"Extracted from NCRB Crime in India 2024, Vol. I (PDF, SHA-256 75b827bdcfcd5e64…, copy retrieved via https://data.opencity.in/dataset/crime-in-india-2024) — see data/raw/ncrb/2024/PROVENANCE.md."
2022,2022-01-01,2022-12-31,state,AS,Assam,cac_police,chargesheeting_rate_pct,none,,47.4,percent,NCRB,1,2022-12-31,2026-09-25,Table 4A.1 (PDF p. 369),Crime in India 2022,https://ncrb.gov.in/en/crime-india,"Extracted from NCRB Crime in India 2022, Vol. I (PDF, SHA-256 7c5ee3128b0b6bc7…, copy retrieved via https://data.opencity.in/dataset/crime-in-india-2022) — see data/raw/ncrb/2022/PROVENANCE.md."
2023,2023-01-01,2023-12-31,state,AS,Assam,cac_police,chargesheeting_rate_pct,none,,82.9,percent,NCRB,1,2023-12-31,2026-09-25,Table 4A.1 (PDF p. 369),Crime in India 2023,https://ncrb.gov.in/en/crime-india,"Extracted from NCRB Crime in India 2023, Vol. I (PDF, SHA-256 553ac8b2eadfe9e2…, copy retrieved via https://data.opencity.in/dataset/crime-in-india-2023) — see data/raw/ncrb/2023/PROVENANCE.md."
2024,2024-01-01,2024-12-31,state,AS,Assam,cac_police,chargesheeting_rate_pct,none,,81.9,percent,NCRB,1,2024-12-31,2026-09-25,Table 4A.1 (PDF p. 461),Crime in India 2024,https://ncrb.gov.in/en/crime-india,"Extracted from NCRB Crime in India 2024, Vol. I (PDF, SHA-256 75b827bdcfcd5e64…, copy retrieved via https://data.opencity.in/dataset/crime-in-india-2024) — see data/raw/ncrb/2024/PROVENANCE.md."
2024,2024-01-01,2024-12-31,state,AS,Assam,cac_police,pendency_pct,none,,20.2,percent,NCRB,1,2024-12-31,2026-09-25,Table 4A.4 (PDF p. 504),Crime in India 2024,https://ncrb.gov.in/en/crime-india,"Extracted from NCRB Crime in India 2024, Vol. I (PDF, SHA-256 75b827bdcfcd5e64…, copy retrieved via https://data.opencity.in/dataset/crime-in-india-2024) — see data/raw/ncrb/2024/PROVENANCE.md."
2022,2022-01-01,2022-12-31,state,BR,Bihar,cac_police,chargesheeting_rate_pct,none,,71.2,percent,NCRB,1,2022-12-31,2026-09-25,Table 4A.1 (PDF p. 369),Crime in India 2022,https://ncrb.gov.in/en/crime-india,"Extracted from NCRB Crime in India 2022, Vol. I (PDF, SHA-256 7c5ee3128b0b6bc7…, copy retrieved via https://data.opencity.in/dataset/crime-in-india-2022) — see data/raw/ncrb/2022/PROVENANCE.md."
2023,2023-01-01,2023-12-31,state,BR,Bihar,cac_police,chargesheeting_rate_pct,none,,72.5,percent,NCRB,1,2023-12-31,2026-09-25,Table 4A.1 (PDF p. 369),Crime in India 2023,https://ncrb.gov.in/en/crime-india,"Extracted from NCRB Crime in India 2023, Vol. I (PDF, SHA-256 553ac8b2eadfe9e2…, copy retrieved via https://data.opencity.in/dataset/crime-in-india-2023) — see data/raw/ncrb/2023/PROVENANCE.md."
2024,2024-01-01,2024-12-31,state,BR,Bihar,cac_police,chargesheeting_rate_pct,none,,61.1,percent,NCRB,1,2024-12-31,2026-09-25,Table 4A.1 (PDF p. 461),Crime in India 2024,https://ncrb.gov.in/en/crime-india,"Extracted from NCRB Crime in India 2024, Vol. I (PDF, SHA-256 75b827bdcfcd5e64…, copy retrieved via https://data.opencity.in/dataset/crime-in-india-2024) — see data/raw/ncrb/2024/PROVENANCE.md."
2024,2024-01-01,2024-12-31,state,BR,Bihar,cac_police,pendency_pct,none,,55.9,percent,NCRB,1,2024-12-31,2026-09-25,Table 4A.4 (PDF p. 504),Crime in India 2024,https://ncrb.gov.in/en/crime-india,"Extracted from NCRB Crime in India 2024, Vol. I (PDF, SHA-256 75b827bdcfcd5e64…, copy retrieved via https://data.opencity.in/dataset/crime-in-india-2024) — see data/raw/ncrb/2024/PROVENANCE.md."
2022,2022-01-01,2022-12-31,state,CH,Chandigarh,cac_police,chargesheeting_rate_pct,none,,37.2,percent,NCRB,1,2022-12-31,2026-09-25,Table 4A.1 (PDF p. 369),Crime in India 2022,https://ncrb.gov.in/en/crime-india,"Extracted from NCRB Crime in India 2022, Vol. I (PDF, SHA-256 7c5ee3128b0b6bc7…, copy retrieved via https://data.opencity.in/dataset/crime-in-india-2022) — see data/raw/ncrb/2022/PROVENANCE.md."
2023,2023-01-01,2023-12-31,state,CH,Chandigarh,cac_police,chargesheeting_rate_pct,none,,40.7,percent,NCRB,1,2023-12-31,2026-09-25,Table 4A.1 (PDF p. 369),Crime in India 2023,https://ncrb.gov.in/en/crime-india,"Extracted from NCRB Crime in India 2023, Vol. I (PDF, SHA-256 553ac8b2eadfe9e2…, copy retrieved via https://data.opencity.in/dataset/crime-in-india-2023) — see data/raw/ncrb/2023/PROVENANCE.md."
2024,2024-01-01,2024-12-31,state,CH,Chandigarh,cac_police,chargesheeting_rate_pct,none,,36.4,percent,NCRB,1,2024-12-31,2026-09-25,Table 4A.1 (PDF p. 461),Crime in India 2024,https://ncrb.gov.in/en/crime-india,"Extracted from NCRB Crime in India 2024, Vol. I (PDF, SHA-256 75b827bdcfcd5e64…, copy retrieved via https://data.opencity.in/dataset/crime-in-india-2024) — see data/raw/ncrb/2024/PROVENANCE.md."
2024,2024-01-01,2024-12-31,state,CH,Chandigarh,cac_police,pendency_pct,none,,58.0,percent,NCRB,1,2024-12-31,2026-09-25,Table 4A.4 (PDF p. 504),Crime in India 2024,https://ncrb.gov.in/en/crime-india,"Extracted from NCRB Crime in India 2024, Vol. I (PDF, SHA-256 75b827bdcfcd5e64…, copy retrieved via https://data.opencity.in/dataset/crime-in-india-2024) — see data/raw/ncrb/2024/PROVENANCE.md."
2022,2022-01-01,2022-12-31,state,CT,Chhattisgarh,cac_police,chargesheeting_rate_pct,none,,66.7,percent,NCRB,1,2022-12-31,2026-09-25,Table 4A.1 (PDF p. 369),Crime in India 2022,https://ncrb.gov.in/en/crime-india,"Extracted from NCRB Crime in India 2022, Vol. I (PDF, SHA-256 7c5ee3128b0b6bc7…, copy retrieved via https://data.opencity.in/dataset/crime-in-india-2022) — see data/raw/ncrb/2022/PROVENANCE.md."
2023,2023-01-01,2023-12-31,state,CT,Chhattisgarh,cac_police,chargesheeting_rate_pct,none,,63.2,percent,NCRB,1,2023-12-31,2026-09-25,Table 4A.1 (PDF p. 369),Crime in India 2023,https://ncrb.gov.in/en/crime-india,"Extracted from NCRB Crime in India 2023, Vol. I (PDF, SHA-256 553ac8b2eadfe9e2…, copy retrieved via https://data.opencity.in/dataset/crime-in-india-2023) — see data/raw/ncrb/2023/PROVENANCE.md."
2024,2024-01-01,2024-12-31,state,CT,Chhattisgarh,cac_police,chargesheeting_rate_pct,none,,55.7,percent,NCRB,1,2024-12-31,2026-09-25,Table 4A.1 (PDF p. 461),Crime in India 2024,https://ncrb.gov.in/en/crime-india,"Extracted from NCRB Crime in India 2024, Vol. I (PDF, SHA-256 75b827bdcfcd5e64…, copy retrieved via https://data.opencity.in/dataset/crime-in-india-2024) — see data/raw/ncrb/2024/PROVENANCE.md."
2024,2024-01-01,2024-12-31,state,CT,Chhattisgarh,cac_police,pendency_pct,none,,21.0,percent,NCRB,1,2024-12-31,2026-09-25,Table 4A.4 (PDF p. 504),Crime in India 2024,https://ncrb.gov.in/en/crime-india,"Extracted from NCRB Crime in India 2024, Vol. I (PDF, SHA-256 75b827bdcfcd5e64…, copy retrieved via https://data.opencity.in/dataset/crime-in-india-2024) — see data/raw/ncrb/2024/PROVENANCE.md."
2022,2022-01-01,2022-12-31,state,DH,Dadra and Nagar Haveli and Daman and Diu,cac_police,chargesheeting_rate_pct,none,,64.5,percent,NCRB,1,2022-12-31,2026-09-25,Table 4A.1 (PDF p. 369),Crime in India 2022,https://ncrb.gov.in/en/crime-india,"Extracted from NCRB Crime in India 2022, Vol. I (PDF, SHA-256 7c5ee3128b0b6bc7…, copy retrieved via https://data.opencity.in/dataset/crime-in-india-2022) — see data/raw/ncrb/2022/PROVENANCE.md."
2023,2023-01-01,2023-12-31,state,DH,Dadra and Nagar Haveli and Daman and Diu,cac_police,chargesheeting_rate_pct,none,,56.9,percent,NCRB,1,2023-12-31,2026-09-25,Table 4A.1 (PDF p. 369),Crime in India 2023,https://ncrb.gov.in/en/crime-india,"Extracted from NCRB Crime in India 2023, Vol. I (PDF, SHA-256 553ac8b2eadfe9e2…, copy retrieved via https://data.opencity.in/dataset/crime-in-india-2023) — see data/raw/ncrb/2023/PROVENANCE.md."
2024,2024-01-01,2024-12-31,state,DH,Dadra and Nagar Haveli and Daman and Diu,cac_police,chargesheeting_rate_pct,none,,51.8,percent,NCRB,1,2024-12-31,2026-09-25,Table 4A.1 (PDF p. 461),Crime in India 2024,https://ncrb.gov.in/en/crime-india,"Extracted from NCRB Crime in India 2024, Vol. I (PDF, SHA-256 75b827bdcfcd5e64…, copy retrieved via https://data.opencity.in/dataset/crime-in-india-2024) — see data/raw/ncrb/2024/PROVENANCE.md."
2024,2024-01-01,2024-12-31,state,DH,Dadra and Nagar Haveli and Daman and Diu,cac_police,pendency_pct,none,,25.4,percent,NCRB,1,2024-12-31,2026-09-25,Table 4A.4 (PDF p. 504),Crime in India 2024,https://ncrb.gov.in/en/crime-india,"Extracted from NCRB Crime in India 2024, Vol. I (PDF, SHA-256 75b827bdcfcd5e64…, copy retrieved via https://data.opencity.in/dataset/crime-in-india-2024) — see data/raw/ncrb/2024/PROVENANCE.md."
2022,2022-01-01,2022-12-31,state,DL,Delhi,cac_police,chargesheeting_rate_pct,none,,32.9,percent,NCRB,1,2022-12-31,2026-09-25,Table 4A.1 (PDF p. 369),Crime in India 2022,https://ncrb.gov.in/en/crime-india,"Extracted from NCRB Crime in India 2022, Vol. I (PDF, SHA-256 7c5ee3128b0b6bc7…, copy retrieved via https://data.opencity.in/dataset/crime-in-india-2022) — see data/raw/ncrb/2022/PROVENANCE.md."
2023,2023-01-01,2023-12-31,state,DL,Delhi,cac_police,chargesheeting_rate_pct,none,,31.7,percent,NCRB,1,2023-12-31,2026-09-25,Table 4A.1 (PDF p. 369),Crime in India 2023,https://ncrb.gov.in/en/crime-india,"Extracted from NCRB Crime in India 2023, Vol. I (PDF, SHA-256 553ac8b2eadfe9e2…, copy retrieved via https://data.opencity.in/dataset/crime-in-india-2023) — see data/raw/ncrb/2023/PROVENANCE.md."
2024,2024-01-01,2024-12-31,state,DL,Delhi,cac_police,chargesheeting_rate_pct,none,,31.7,percent,NCRB,1,2024-12-31,2026-09-25,Table 4A.1 (PDF p. 461),Crime in India 2024,https://ncrb.gov.in/en/crime-india,"Extracted from NCRB Crime in India 2024, Vol. I (PDF, SHA-256 75b827bdcfcd5e64…, copy retrieved via https://data.opencity.in/dataset/crime-in-india-2024) — see data/raw/ncrb/2024/PROVENANCE.md."
2024,2024-01-01,2024-12-31,state,DL,Delhi,cac_police,pendency_pct,none,,51.3,percent,NCRB,1,2024-12-31,2026-09-25,Table 4A.4 (PDF p. 504),Crime in India 2024,https://ncrb.gov.in/en/crime-india,"Extracted from NCRB Crime in India 2024, Vol. I (PDF, SHA-256 75b827bdcfcd5e64…, copy retrieved via https://data.opencity.in/dataset/crime-in-india-2024) — see data/raw/ncrb/2024/PROVENANCE.md."
2022,2022-01-01,2022-12-31,state,GA,Goa,cac_police,chargesheeting_rate_pct,none,,69.1,percent,NCRB,1,2022-12-31,2026-09-25,Table 4A.1 (PDF p. 369),Crime in India 2022,https://ncrb.gov.in/en/crime-india,"Extracted from NCRB Crime in India 2022, Vol. I (PDF, SHA-256 7c5ee3128b0b6bc7…, copy retrieved via https://data.opencity.in/dataset/crime-in-india-2022) — see data/raw/ncrb/2022/PROVENANCE.md."
2023,2023-01-01,2023-12-31,state,GA,Goa,cac_police,chargesheeting_rate_pct,none,,65.9,percent,NCRB,1,2023-12-31,2026-09-25,Table 4A.1 (PDF p. 369),Crime in India 2023,https://ncrb.gov.in/en/crime-india,"Extracted from NCRB Crime in India 2023, Vol. I (PDF, SHA-256 553ac8b2eadfe9e2…, copy retrieved via https://data.opencity.in/dataset/crime-in-india-2023) — see data/raw/ncrb/2023/PROVENANCE.md."
2024,2024-01-01,2024-12-31,state,GA,Goa,cac_police,chargesheeting_rate_pct,none,,58.8,percent,NCRB,1,2024-12-31,2026-09-25,Table 4A.1 (PDF p. 461),Crime in India 2024,https://ncrb.gov.in/en/crime-india,"Extracted from NCRB Crime in India 2024, Vol. I (PDF, SHA-256 75b827bdcfcd5e64…, copy retrieved via https://data.opencity.in/dataset/crime-in-india-2024) — see data/raw/ncrb/2024/PROVENANCE.md."
2024,2024-01-01,2024-12-31,state,GA,Goa,cac_police,pendency_pct,none,,28.4,percent,NCRB,1,2024-12-31,2026-09-25,Table 4A.4 (PDF p. 504),Crime in India 2024,https://ncrb.gov.in/en/crime-india,"Extracted from NCRB Crime in India 2024, Vol. I (PDF, SHA-256 75b827bdcfcd5e64…, copy retrieved via https://data.opencity.in/dataset/crime-in-india-2024) — see data/raw/ncrb/2024/PROVENANCE.md."
2022,2022-01-01,2022-12-31,state,GJ,Gujarat,cac_police,chargesheeting_rate_pct,none,,77.8,percent,NCRB,1,2022-12-31,2026-09-25,Table 4A.1 (PDF p. 369),Crime in India 2022,https://ncrb.gov.in/en/crime-india,"Extracted from NCRB Crime in India 2022, Vol. I (PDF, SHA-256 7c5ee3128b0b6bc7…, copy retrieved via https://data.opencity.in/dataset/crime-in-india-2022) — see data/raw/ncrb/2022/PROVENANCE.md."
2023,2023-01-01,2023-12-31,state,GJ,Gujarat,cac_police,chargesheeting_rate_pct,none,,72.9,percent,NCRB,1,2023-12-31,2026-09-25,Table 4A.1 (PDF p. 369),Crime in India 2023,https://ncrb.gov.in/en/crime-india,"Extracted from NCRB Crime in India 2023, Vol. I (PDF, SHA-256 553ac8b2eadfe9e2…, copy retrieved via https://data.opencity.in/dataset/crime-in-india-2023) — see data/raw/ncrb/2023/PROVENANCE.md."
2024,2024-01-01,2024-12-31,state,GJ,Gujarat,cac_police,chargesheeting_rate_pct,none,,77.9,percent,NCRB,1,2024-12-31,2026-09-25,Table 4A.1 (PDF p. 461),Crime in India 2024,https://ncrb.gov.in/en/crime-india,"Extracted from NCRB Crime in India 2024, Vol. I (PDF, SHA-256 75b827bdcfcd5e64…, copy retrieved via https://data.opencity.in/dataset/crime-in-india-2024) — see data/raw/ncrb/2024/PROVENANCE.md."
2024,2024-01-01,2024-12-31,state,GJ,Gujarat,cac_police,pendency_pct,none,,9.1,percent,NCRB,1,2024-12-31,2026-09-25,Table 4A.4 (PDF p. 504),Crime in India 2024,https://ncrb.gov.in/en/crime-india,"Extracted from NCRB Crime in India 2024, Vol. I (PDF, SHA-256 75b827bdcfcd5e64…, copy retrieved via https://data.opencity.in/dataset/crime-in-india-2024) — see data/raw/ncrb/2024/PROVENANCE.md."
2022,2022-01-01,2022-12-31,state,HP,Himachal Pradesh,cac_police,chargesheeting_rate_pct,none,,50.1,percent,NCRB,1,2022-12-31,2026-09-25,Table 4A.1 (PDF p. 369),Crime in India 2022,https://ncrb.gov.in/en/crime-india,"Extracted from NCRB Crime in India 2022, Vol. I (PDF, SHA-256 7c5ee3128b0b6bc7…, copy retrieved via https://data.opencity.in/dataset/crime-in-india-2022) — see data/raw/ncrb/2022/PROVENANCE.md."
2023,2023-01-01,2023-12-31,state,HP,Himachal Pradesh,cac_police,chargesheeting_rate_pct,none,,47.6,percent,NCRB,1,2023-12-31,2026-09-25,Table 4A.1 (PDF p. 369),Crime in India 2023,https://ncrb.gov.in/en/crime-india,"Extracted from NCRB Crime in India 2023, Vol. I (PDF, SHA-256 553ac8b2eadfe9e2…, copy retrieved via https://data.opencity.in/dataset/crime-in-india-2023) — see data/raw/ncrb/2023/PROVENANCE.md."
2024,2024-01-01,2024-12-31,state,HP,Himachal Pradesh,cac_police,chargesheeting_rate_pct,none,,41.6,percent,NCRB,1,2024-12-31,2026-09-25,Table 4A.1 (PDF p. 461),Crime in India 2024,https://ncrb.gov.in/en/crime-india,"Extracted from NCRB Crime in India 2024, Vol. I (PDF, SHA-256 75b827bdcfcd5e64…, copy retrieved via https://data.opencity.in/dataset/crime-in-india-2024) — see data/raw/ncrb/2024/PROVENANCE.md."
2024,2024-01-01,2024-12-31,state,HP,Himachal Pradesh,cac_police,pendency_pct,none,,16.0,percent,NCRB,1,2024-12-31,2026-09-25,Table 4A.4 (PDF p. 504),Crime in India 2024,https://ncrb.gov.in/en/crime-india,"Extracted from NCRB Crime in India 2024, Vol. I (PDF, SHA-256 75b827bdcfcd5e64…, copy retrieved via https://data.opencity.in/dataset/crime-in-india-2024) — see data/raw/ncrb/2024/PROVENANCE.md."
2022,2022-01-01,2022-12-31,state,HR,Haryana,cac_police,chargesheeting_rate_pct,none,,41.6,percent,NCRB,1,2022-12-31,2026-09-25,Table 4A.1 (PDF p. 369),Crime in India 2022,https://ncrb.gov.in/en/crime-india,"Extracted from NCRB Crime in India 2022, Vol. I (PDF, SHA-256 7c5ee3128b0b6bc7…, copy retrieved via https://data.opencity.in/dataset/crime-in-india-2022) — see data/raw/ncrb/2022/PROVENANCE.md."
2023,2023-01-01,2023-12-31,state,HR,Haryana,cac_police,chargesheeting_rate_pct,none,,39.6,percent,NCRB,1,2023-12-31,2026-09-25,Table 4A.1 (PDF p. 369),Crime in India 2023,https://ncrb.gov.in/en/crime-india,"Extracted from NCRB Crime in India 2023, Vol. I (PDF, SHA-256 553ac8b2eadfe9e2…, copy retrieved via https://data.opencity.in/dataset/crime-in-india-2023) — see data/raw/ncrb/2023/PROVENANCE.md."
2024,2024-01-01,2024-12-31,state,HR,Haryana,cac_police,chargesheeting_rate_pct,none,,37.0,percent,NCRB,1,2024-12-31,2026-09-25,Table 4A.1 (PDF p. 461),Crime in India 2024,https://ncrb.gov.in/en/crime-india,"Extracted from NCRB Crime in India 2024, Vol. I (PDF, SHA-256 75b827bdcfcd5e64…, copy retrieved via https://data.opencity.in/dataset/crime-in-india-2024) — see data/raw/ncrb/2024/PROVENANCE.md."
2024,2024-01-01,2024-12-31,state,HR,Haryana,cac_police,pendency_pct,none,,17.8,percent,NCRB,1,2024-12-31,2026-09-25,Table 4A.4 (PDF p. 504),Crime in India 2024,https://ncrb.gov.in/en/crime-india,"Extracted from NCRB Crime in India 2024, Vol. I (PDF, SHA-256 75b827bdcfcd5e64…, copy retrieved via https://data.opencity.in/dataset/crime-in-india-2024) — see data/raw/ncrb/2024/PROVENANCE.md."
2022,2022-01-01,2022-12-31,state,JH,Jharkhand,cac_police,chargesheeting_rate_pct,none,,90.1,percent,NCRB,1,2022-12-31,2026-09-25,Table 4A.1 (PDF p. 369),Crime in India 2022,https://ncrb.gov.in/en/crime-india,"Extracted from NCRB Crime in India 2022, Vol. I (PDF, SHA-256 7c5ee3128b0b6bc7…, copy retrieved via https://data.opencity.in/dataset/crime-in-india-2022) — see data/raw/ncrb/2022/PROVENANCE.md."
2023,2023-01-01,2023-12-31,state,JH,Jharkhand,cac_police,chargesheeting_rate_pct,none,,84.9,percent,NCRB,1,2023-12-31,2026-09-25,Table 4A.1 (PDF p. 369),Crime in India 2023,https://ncrb.gov.in/en/crime-india,"Extracted from NCRB Crime in India 2023, Vol. I (PDF, SHA-256 553ac8b2eadfe9e2…, copy retrieved via https://data.opencity.in/dataset/crime-in-india-2023) — see data/raw/ncrb/2023/PROVENANCE.md."
2024,2024-01-01,2024-12-31,state,JH,Jharkhand,cac_police,chargesheeting_rate_pct,none,,89.0,percent,NCRB,1,2024-12-31,2026-09-25,Table 4A.1 (PDF p. 461),Crime in India 2024,https://ncrb.gov.in/en/crime-india,"Extracted from NCRB Crime in India 2024, Vol. I (PDF, SHA-256 75b827bdcfcd5e64…, copy retrieved via https://data.opencity.in/dataset/crime-in-india-2024) — see data/raw/ncrb/2024/PROVENANCE.md."
2024,2024-01-01,2024-12-31,state,JH,Jharkhand,cac_police,pendency_pct,none,,57.7,percent,NCRB,1,2024-12-31,2026-09-25,Table 4A.4 (PDF p. 504),Crime in India 2024,https://ncrb.gov.in/en/crime-india,"Extracted from NCRB Crime in India 2024, Vol. I (PDF, SHA-256 75b827bdcfcd5e64…, copy retrieved via https://data.opencity.in/dataset/crime-in-india-2024) — see data/raw/ncrb/2024/PROVENANCE.md."
2022,2022-01-01,2022-12-31,state,JK,Jammu & Kashmir,cac_police,chargesheeting_rate_pct,none,,48.7,percent,NCRB,1,2022-12-31,2026-09-25,Table 4A.1 (PDF p. 369),Crime in India 2022,https://ncrb.gov.in/en/crime-india,"Extracted from NCRB Crime in India 2022, Vol. I (PDF, SHA-256 7c5ee3128b0b6bc7…, copy retrieved via https://data.opencity.in/dataset/crime-in-india-2022) — see data/raw/ncrb/2022/PROVENANCE.md."
2023,2023-01-01,2023-12-31,state,JK,Jammu & Kashmir,cac_police,chargesheeting_rate_pct,none,,48.2,percent,NCRB,1,2023-12-31,2026-09-25,Table 4A.1 (PDF p. 369),Crime in India 2023,https://ncrb.gov.in/en/crime-india,"Extracted from NCRB Crime in India 2023, Vol. I (PDF, SHA-256 553ac8b2eadfe9e2…, copy retrieved via https://data.opencity.in/dataset/crime-in-india-2023) — see data/raw/ncrb/2023/PROVENANCE.md."
2024,2024-01-01,2024-12-31,state,JK,Jammu & Kashmir,cac_police,chargesheeting_rate_pct,none,,55.4,percent,NCRB,1,2024-12-31,2026-09-25,Table 4A.1 (PDF p. 461),Crime in India 2024,https://ncrb.gov.in/en/crime-india,"Extracted from NCRB Crime in India 2024, Vol. I (PDF, SHA-256 75b827bdcfcd5e64…, copy retrieved via https://data.opencity.in/dataset/crime-in-india-2024) — see data/raw/ncrb/2024/PROVENANCE.md."
2024,2024-01-01,2024-12-31,state,JK,Jammu & Kashmir,cac_police,pendency_pct,none,,40.1,percent,NCRB,1,2024-12-31,2026-09-25,Table 4A.4 (PDF p. 504),Crime in India 2024,https://ncrb.gov.in/en/crime-india,"Extracted from NCRB Crime in India 2024, Vol. I (PDF, SHA-256 75b827bdcfcd5e64…, copy retrieved via https://data.opencity.in/dataset/crime-in-india-2024) — see data/raw/ncrb/2024/PROVENANCE.md."
2022,2022-01-01,2022-12-31,state,KA,Karnataka,cac_police,chargesheeting_rate_pct,none,,58.5,percent,NCRB,1,2022-12-31,2026-09-25,Table 4A.1 (PDF p. 369),Crime in India 2022,https://ncrb.gov.in/en/crime-india,"Extracted from NCRB Crime in India 2022, Vol. I (PDF, SHA-256 7c5ee3128b0b6bc7…, copy retrieved via https://data.opencity.in/dataset/crime-in-india-2022) — see data/raw/ncrb/2022/PROVENANCE.md."
2023,2023-01-01,2023-12-31,state,KA,Karnataka,cac_police,chargesheeting_rate_pct,none,,59.4,percent,NCRB,1,2023-12-31,2026-09-25,Table 4A.1 (PDF p. 369),Crime in India 2023,https://ncrb.gov.in/en/crime-india,"Extracted from NCRB Crime in India 2023, Vol. I (PDF, SHA-256 553ac8b2eadfe9e2…, copy retrieved via https://data.opencity.in/dataset/crime-in-india-2023) — see data/raw/ncrb/2023/PROVENANCE.md."
2024,2024-01-01,2024-12-31,state,KA,Karnataka,cac_police,chargesheeting_rate_pct,none,,55.4,percent,NCRB,1,2024-12-31,2026-09-25,Table 4A.1 (PDF p. 461),Crime in India 2024,https://ncrb.gov.in/en/crime-india,"Extracted from NCRB Crime in India 2024, Vol. I (PDF, SHA-256 75b827bdcfcd5e64…, copy retrieved via https://data.opencity.in/dataset/crime-in-india-2024) — see data/raw/ncrb/2024/PROVENANCE.md."
2024,2024-01-01,2024-12-31,state,KA,Karnataka,cac_police,pendency_pct,none,,16.6,percent,NCRB,1,2024-12-31,2026-09-25,Table 4A.4 (PDF p. 504),Crime in India 2024,https://ncrb.gov.in/en/crime-india,"Extracted from NCRB Crime in India 2024, Vol. I (PDF, SHA-256 75b827bdcfcd5e64…, copy retrieved via https://data.opencity.in/dataset/crime-in-india-2024) — see data/raw/ncrb/2024/PROVENANCE.md."
2022,2022-01-01,2022-12-31,state,KL,Kerala,cac_police,chargesheeting_rate_pct,none,,93.5,percent,NCRB,1,2022-12-31,2026-09-25,Table 4A.1 (PDF p. 369),Crime in India 2022,https://ncrb.gov.in/en/crime-india,"Extracted from NCRB Crime in India 2022, Vol. I (PDF, SHA-256 7c5ee3128b0b6bc7…, copy retrieved via https://data.opencity.in/dataset/crime-in-india-2022) — see data/raw/ncrb/2022/PROVENANCE.md."
2023,2023-01-01,2023-12-31,state,KL,Kerala,cac_police,chargesheeting_rate_pct,none,,90.5,percent,NCRB,1,2023-12-31,2026-09-25,Table 4A.1 (PDF p. 369),Crime in India 2023,https://ncrb.gov.in/en/crime-india,"Extracted from NCRB Crime in India 2023, Vol. I (PDF, SHA-256 553ac8b2eadfe9e2…, copy retrieved via https://data.opencity.in/dataset/crime-in-india-2023) — see data/raw/ncrb/2023/PROVENANCE.md."
2024,2024-01-01,2024-12-31,state,KL,Kerala,cac_police,chargesheeting_rate_pct,none,,92.7,percent,NCRB,1,2024-12-31,2026-09-25,Table 4A.1 (PDF p. 461),Crime in India 2024,https://ncrb.gov.in/en/crime-india,"Extracted from NCRB Crime in India 2024, Vol. I (PDF, SHA-256 75b827bdcfcd5e64…, copy retrieved via https://data.opencity.in/dataset/crime-in-india-2024) — see data/raw/ncrb/2024/PROVENANCE.md."
2024,2024-01-01,2024-12-31,state,KL,Kerala,cac_police,pendency_pct,none,,23.1,percent,NCRB,1,2024-12-31,2026-09-25,Table 4A.4 (PDF p. 504),Crime in India 2024,https://ncrb.gov.in/en/crime-india,"Extracted from NCRB Crime in India 2024, Vol. I (PDF, SHA-256 75b827bdcfcd5e64…, copy retrieved via https://data.opencity.in/dataset/crime-in-india-2024) — see data/raw/ncrb/2024/PROVENANCE.md."
2022,2022-01-01,2022-12-31,state,LA,Ladakh,cac_police,chargesheeting_rate_pct,none,,85.7,percent,NCRB,1,2022-12-31,2026-09-25,Table 4A.1 (PDF p. 369),Crime in India 2022,https://ncrb.gov.in/en/crime-india,"Extracted from NCRB Crime in India 2022, Vol. I (PDF, SHA-256 7c5ee3128b0b6bc7…, copy retrieved via https://data.opencity.in/dataset/crime-in-india-2022) — see data/raw/ncrb/2022/PROVENANCE.md."
2023,2023-01-01,2023-12-31,state,LA,Ladakh,cac_police,chargesheeting_rate_pct,none,,62.5,percent,NCRB,1,2023-12-31,2026-09-25,Table 4A.1 (PDF p. 369),Crime in India 2023,https://ncrb.gov.in/en/crime-india,"Extracted from NCRB Crime in India 2023, Vol. I (PDF, SHA-256 553ac8b2eadfe9e2…, copy retrieved via https://data.opencity.in/dataset/crime-in-india-2023) — see data/raw/ncrb/2023/PROVENANCE.md."
2024,2024-01-01,2024-12-31,state,LA,Ladakh,cac_police,chargesheeting_rate_pct,none,,75.0,percent,NCRB,1,2024-12-31,2026-09-25,Table 4A.1 (PDF p. 461),Crime in India 2024,https://ncrb.gov.in/en/crime-india,"Extracted from NCRB Crime in India 2024, Vol. I (PDF, SHA-256 75b827bdcfcd5e64…, copy retrieved via https://data.opencity.in/dataset/crime-in-india-2024) — see data/raw/ncrb/2024/PROVENANCE.md."
2024,2024-01-01,2024-12-31,state,LA,Ladakh,cac_police,pendency_pct,none,,15.8,percent,NCRB,1,2024-12-31,2026-09-25,Table 4A.4 (PDF p. 504),Crime in India 2024,https://ncrb.gov.in/en/crime-india,"Extracted from NCRB Crime in India 2024, Vol. I (PDF, SHA-256 75b827bdcfcd5e64…, copy retrieved via https://data.opencity.in/dataset/crime-in-india-2024) — see data/raw/ncrb/2024/PROVENANCE.md."
2022,2022-01-01,2022-12-31,state,LD,Lakshadweep,cac_police,chargesheeting_rate_pct,none,,82.4,percent,NCRB,1,2022-12-31,2026-09-25,Table 4A.1 (PDF p. 369),Crime in India 2022,https://ncrb.gov.in/en/crime-india,"Extracted from NCRB Crime in India 2022, Vol. I (PDF, SHA-256 7c5ee3128b0b6bc7…, copy retrieved via https://data.opencity.in/dataset/crime-in-india-2022) — see data/raw/ncrb/2022/PROVENANCE.md."
2023,2023-01-01,2023-12-31,state,LD,Lakshadweep,cac_police,chargesheeting_rate_pct,none,,63.6,percent,NCRB,1,2023-12-31,2026-09-25,Table 4A.1 (PDF p. 369),Crime in India 2023,https://ncrb.gov.in/en/crime-india,"Extracted from NCRB Crime in India 2023, Vol. I (PDF, SHA-256 553ac8b2eadfe9e2…, copy retrieved via https://data.opencity.in/dataset/crime-in-india-2023) — see data/raw/ncrb/2023/PROVENANCE.md."
2024,2024-01-01,2024-12-31,state,LD,Lakshadweep,cac_police,chargesheeting_rate_pct,none,,100.0,percent,NCRB,1,2024-12-31,2026-09-25,Table 4A.1 (PDF p. 461),Crime in India 2024,https://ncrb.gov.in/en/crime-india,"Extracted from NCRB Crime in India 2024, Vol. I (PDF, SHA-256 75b827bdcfcd5e64…, copy retrieved via https://data.opencity.in/dataset/crime-in-india-2024) — see data/raw/ncrb/2024/PROVENANCE.md."
2024,2024-01-01,2024-12-31,state,LD,Lakshadweep,cac_police,pendency_pct,none,,83.3,percent,NCRB,1,2024-12-31,2026-09-25,Table 4A.4 (PDF p. 504),Crime in India 2024,https://ncrb.gov.in/en/crime-india,"Extracted from NCRB Crime in India 2024, Vol. I (PDF, SHA-256 75b827bdcfcd5e64…, copy retrieved via https://data.opencity.in/dataset/crime-in-india-2024) — see data/raw/ncrb/2024/PROVENANCE.md."
2022,2022-01-01,2022-12-31,state,MH,Maharashtra,cac_police,chargesheeting_rate_pct,none,,51.5,percent,NCRB,1,2022-12-31,2026-09-25,Table 4A.1 (PDF p. 369),Crime in India 2022,https://ncrb.gov.in/en/crime-india,"Extracted from NCRB Crime in India 2022, Vol. I (PDF, SHA-256 7c5ee3128b0b6bc7…, copy retrieved via https://data.opencity.in/dataset/crime-in-india-2022) — see data/raw/ncrb/2022/PROVENANCE.md."
2023,2023-01-01,2023-12-31,state,MH,Maharashtra,cac_police,chargesheeting_rate_pct,none,,51.8,percent,NCRB,1,2023-12-31,2026-09-25,Table 4A.1 (PDF p. 369),Crime in India 2023,https://ncrb.gov.in/en/crime-india,"Extracted from NCRB Crime in India 2023, Vol. I (PDF, SHA-256 553ac8b2eadfe9e2…, copy retrieved via https://data.opencity.in/dataset/crime-in-india-2023) — see data/raw/ncrb/2023/PROVENANCE.md."
2024,2024-01-01,2024-12-31,state,MH,Maharashtra,cac_police,chargesheeting_rate_pct,none,,52.6,percent,NCRB,1,2024-12-31,2026-09-25,Table 4A.1 (PDF p. 461),Crime in India 2024,https://ncrb.gov.in/en/crime-india,"Extracted from NCRB Crime in India 2024, Vol. I (PDF, SHA-256 75b827bdcfcd5e64…, copy retrieved via https://data.opencity.in/dataset/crime-in-india-2024) — see data/raw/ncrb/2024/PROVENANCE.md."
2024,2024-01-01,2024-12-31,state,MH,Maharashtra,cac_police,pendency_pct,none,,46.4,percent,NCRB,1,2024-12-31,2026-09-25,Table 4A.4 (PDF p. 504),Crime in India 2024,https://ncrb.gov.in/en/crime-india,"Extracted from NCRB Crime in India 2024, Vol. I (PDF, SHA-256 75b827bdcfcd5e64…, copy retrieved via https://data.opencity.in/dataset/crime-in-india-2024) — see data/raw/ncrb/2024/PROVENANCE.md."
2022,2022-01-01,2022-12-31,state,ML,Meghalaya,cac_police,chargesheeting_rate_pct,none,,75.2,percent,NCRB,1,2022-12-31,2026-09-25,Table 4A.1 (PDF p. 369),Crime in India 2022,https://ncrb.gov.in/en/crime-india,"Extracted from NCRB Crime in India 2022, Vol. I (PDF, SHA-256 7c5ee3128b0b6bc7…, copy retrieved via https://data.opencity.in/dataset/crime-in-india-2022) — see data/raw/ncrb/2022/PROVENANCE.md."
2023,2023-01-01,2023-12-31,state,ML,Meghalaya,cac_police,chargesheeting_rate_pct,none,,76.2,percent,NCRB,1,2023-12-31,2026-09-25,Table 4A.1 (PDF p. 369),Crime in India 2023,https://ncrb.gov.in/en/crime-india,"Extracted from NCRB Crime in India 2023, Vol. I (PDF, SHA-256 553ac8b2eadfe9e2…, copy retrieved via https://data.opencity.in/dataset/crime-in-india-2023) — see data/raw/ncrb/2023/PROVENANCE.md."
2024,2024-01-01,2024-12-31,state,ML,Meghalaya,cac_police,chargesheeting_rate_pct,none,,71.5,percent,NCRB,1,2024-12-31,2026-09-25,Table 4A.1 (PDF p. 461),Crime in India 2024,https://ncrb.gov.in/en/crime-india,"Extracted from NCRB Crime in India 2024, Vol. I (PDF, SHA-256 75b827bdcfcd5e64…, copy retrieved via https://data.opencity.in/dataset/crime-in-india-2024) — see data/raw/ncrb/2024/PROVENANCE.md."
2024,2024-01-01,2024-12-31,state,ML,Meghalaya,cac_police,pendency_pct,none,,62.6,percent,NCRB,1,2024-12-31,2026-09-25,Table 4A.4 (PDF p. 504),Crime in India 2024,https://ncrb.gov.in/en/crime-india,"Extracted from NCRB Crime in India 2024, Vol. I (PDF, SHA-256 75b827bdcfcd5e64…, copy retrieved via https://data.opencity.in/dataset/crime-in-india-2024) — see data/raw/ncrb/2024/PROVENANCE.md."
2022,2022-01-01,2022-12-31,state,MN,Manipur,cac_police,chargesheeting_rate_pct,none,,80.4,percent,NCRB,1,2022-12-31,2026-09-25,Table 4A.1 (PDF p. 369),Crime in India 2022,https://ncrb.gov.in/en/crime-india,"Extracted from NCRB Crime in India 2022, Vol. I (PDF, SHA-256 7c5ee3128b0b6bc7…, copy retrieved via https://data.opencity.in/dataset/crime-in-india-2022) — see data/raw/ncrb/2022/PROVENANCE.md."
2023,2023-01-01,2023-12-31,state,MN,Manipur,cac_police,chargesheeting_rate_pct,none,,84.7,percent,NCRB,1,2023-12-31,2026-09-25,Table 4A.1 (PDF p. 369),Crime in India 2023,https://ncrb.gov.in/en/crime-india,"Extracted from NCRB Crime in India 2023, Vol. I (PDF, SHA-256 553ac8b2eadfe9e2…, copy retrieved via https://data.opencity.in/dataset/crime-in-india-2023) — see data/raw/ncrb/2023/PROVENANCE.md."
2024,2024-01-01,2024-12-31,state,MN,Manipur,cac_police,chargesheeting_rate_pct,none,,71.8,percent,NCRB,1,2024-12-31,2026-09-25,Table 4A.1 (PDF p. 461),Crime in India 2024,https://ncrb.gov.in/en/crime-india,"Extracted from NCRB Crime in India 2024, Vol. I (PDF, SHA-256 75b827bdcfcd5e64…, copy retrieved via https://data.opencity.in/dataset/crime-in-india-2024) — see data/raw/ncrb/2024/PROVENANCE.md."
2024,2024-01-01,2024-12-31,state,MN,Manipur,cac_police,pendency_pct,none,,87.4,percent,NCRB,1,2024-12-31,2026-09-25,Table 4A.4 (PDF p. 504),Crime in India 2024,https://ncrb.gov.in/en/crime-india,"Extracted from NCRB Crime in India 2024, Vol. I (PDF, SHA-256 75b827bdcfcd5e64…, copy retrieved via https://data.opencity.in/dataset/crime-in-india-2024) — see data/raw/ncrb/2024/PROVENANCE.md."
2022,2022-01-01,2022-12-31,state,MP,Madhya Pradesh,cac_police,chargesheeting_rate_pct,none,,61.3,percent,NCRB,1,2022-12-31,2026-09-25,Table 4A.1 (PDF p. 369),Crime in India 2022,https://ncrb.gov.in/en/crime-india,"Extracted from NCRB Crime in India 2022, Vol. I (PDF, SHA-256 7c5ee3128b0b6bc7…, copy retrieved via https://data.opencity.in/dataset/crime-in-india-2022) — see data/raw/ncrb/2022/PROVENANCE.md."
2023,2023-01-01,2023-12-31,state,MP,Madhya Pradesh,cac_police,chargesheeting_rate_pct,none,,60.7,percent,NCRB,1,2023-12-31,2026-09-25,Table 4A.1 (PDF p. 369),Crime in India 2023,https://ncrb.gov.in/en/crime-india,"Extracted from NCRB Crime in India 2023, Vol. I (PDF, SHA-256 553ac8b2eadfe9e2…, copy retrieved via https://data.opencity.in/dataset/crime-in-india-2023) — see data/raw/ncrb/2023/PROVENANCE.md."
2024,2024-01-01,2024-12-31,state,MP,Madhya Pradesh,cac_police,chargesheeting_rate_pct,none,,55.0,percent,NCRB,1,2024-12-31,2026-09-25,Table 4A.1 (PDF p. 461),Crime in India 2024,https://ncrb.gov.in/en/crime-india,"Extracted from NCRB Crime in India 2024, Vol. I (PDF, SHA-256 75b827bdcfcd5e64…, copy retrieved via https://data.opencity.in/dataset/crime-in-india-2024) — see data/raw/ncrb/2024/PROVENANCE.md."
2024,2024-01-01,2024-12-31,state,MP,Madhya Pradesh,cac_police,pendency_pct,none,,22.5,percent,NCRB,1,2024-12-31,2026-09-25,Table 4A.4 (PDF p. 504),Crime in India 2024,https://ncrb.gov.in/en/crime-india,"Extracted from NCRB Crime in India 2024, Vol. I (PDF, SHA-256 75b827bdcfcd5e64…, copy retrieved via https://data.opencity.in/dataset/crime-in-india-2024) — see data/raw/ncrb/2024/PROVENANCE.md."
2022,2022-01-01,2022-12-31,state,MZ,Mizoram,cac_police,chargesheeting_rate_pct,none,,98.5,percent,NCRB,1,2022-12-31,2026-09-25,Table 4A.1 (PDF p. 369),Crime in India 2022,https://ncrb.gov.in/en/crime-india,"Extracted from NCRB Crime in India 2022, Vol. I (PDF, SHA-256 7c5ee3128b0b6bc7…, copy retrieved via https://data.opencity.in/dataset/crime-in-india-2022) — see data/raw/ncrb/2022/PROVENANCE.md."
2023,2023-01-01,2023-12-31,state,MZ,Mizoram,cac_police,chargesheeting_rate_pct,none,,94.4,percent,NCRB,1,2023-12-31,2026-09-25,Table 4A.1 (PDF p. 369),Crime in India 2023,https://ncrb.gov.in/en/crime-india,"Extracted from NCRB Crime in India 2023, Vol. I (PDF, SHA-256 553ac8b2eadfe9e2…, copy retrieved via https://data.opencity.in/dataset/crime-in-india-2023) — see data/raw/ncrb/2023/PROVENANCE.md."
2024,2024-01-01,2024-12-31,state,MZ,Mizoram,cac_police,chargesheeting_rate_pct,none,,96.3,percent,NCRB,1,2024-12-31,2026-09-25,Table 4A.1 (PDF p. 461),Crime in India 2024,https://ncrb.gov.in/en/crime-india,"Extracted from NCRB Crime in India 2024, Vol. I (PDF, SHA-256 75b827bdcfcd5e64…, copy retrieved via https://data.opencity.in/dataset/crime-in-india-2024) — see data/raw/ncrb/2024/PROVENANCE.md."
2024,2024-01-01,2024-12-31,state,MZ,Mizoram,cac_police,pendency_pct,none,,25.2,percent,NCRB,1,2024-12-31,2026-09-25,Table 4A.4 (PDF p. 504),Crime in India 2024,https://ncrb.gov.in/en/crime-india,"Extracted from NCRB Crime in India 2024, Vol. I (PDF, SHA-256 75b827bdcfcd5e64…, copy retrieved via https://data.opencity.in/dataset/crime-in-india-2024) — see data/raw/ncrb/2024/PROVENANCE.md."
2022,2022-01-01,2022-12-31,state,NL,Nagaland,cac_police,chargesheeting_rate_pct,none,,90.0,percent,NCRB,1,2022-12-31,2026-09-25,Table 4A.1 (PDF p. 369),Crime in India 2022,https://ncrb.gov.in/en/crime-india,"Extracted from NCRB Crime in India 2022, Vol. I (PDF, SHA-256 7c5ee3128b0b6bc7…, copy retrieved via https://data.opencity.in/dataset/crime-in-india-2022) — see data/raw/ncrb/2022/PROVENANCE.md."
2023,2023-01-01,2023-12-31,state,NL,Nagaland,cac_police,chargesheeting_rate_pct,none,,68.8,percent,NCRB,1,2023-12-31,2026-09-25,Table 4A.1 (PDF p. 369),Crime in India 2023,https://ncrb.gov.in/en/crime-india,"Extracted from NCRB Crime in India 2023, Vol. I (PDF, SHA-256 553ac8b2eadfe9e2…, copy retrieved via https://data.opencity.in/dataset/crime-in-india-2023) — see data/raw/ncrb/2023/PROVENANCE.md."
2024,2024-01-01,2024-12-31,state,NL,Nagaland,cac_police,chargesheeting_rate_pct,none,,87.2,percent,NCRB,1,2024-12-31,2026-09-25,Table 4A.1 (PDF p. 461),Crime in India 2024,https://ncrb.gov.in/en/crime-india,"Extracted from NCRB Crime in India 2024, Vol. I (PDF, SHA-256 75b827bdcfcd5e64…, copy retrieved via https://data.opencity.in/dataset/crime-in-india-2024) — see data/raw/ncrb/2024/PROVENANCE.md."
2024,2024-01-01,2024-12-31,state,NL,Nagaland,cac_police,pendency_pct,none,,37.1,percent,NCRB,1,2024-12-31,2026-09-25,Table 4A.4 (PDF p. 504),Crime in India 2024,https://ncrb.gov.in/en/crime-india,"Extracted from NCRB Crime in India 2024, Vol. I (PDF, SHA-256 75b827bdcfcd5e64…, copy retrieved via https://data.opencity.in/dataset/crime-in-india-2024) — see data/raw/ncrb/2024/PROVENANCE.md."
2022,2022-01-01,2022-12-31,state,OR,Odisha,cac_police,chargesheeting_rate_pct,none,,42.4,percent,NCRB,1,2022-12-31,2026-09-25,Table 4A.1 (PDF p. 369),Crime in India 2022,https://ncrb.gov.in/en/crime-india,"Extracted from NCRB Crime in India 2022, Vol. I (PDF, SHA-256 7c5ee3128b0b6bc7…, copy retrieved via https://data.opencity.in/dataset/crime-in-india-2022) — see data/raw/ncrb/2022/PROVENANCE.md."
2023,2023-01-01,2023-12-31,state,OR,Odisha,cac_police,chargesheeting_rate_pct,none,,41.5,percent,NCRB,1,2023-12-31,2026-09-25,Table 4A.1 (PDF p. 369),Crime in India 2023,https://ncrb.gov.in/en/crime-india,"Extracted from NCRB Crime in India 2023, Vol. I (PDF, SHA-256 553ac8b2eadfe9e2…, copy retrieved via https://data.opencity.in/dataset/crime-in-india-2023) — see data/raw/ncrb/2023/PROVENANCE.md."
2024,2024-01-01,2024-12-31,state,OR,Odisha,cac_police,chargesheeting_rate_pct,none,,35.5,percent,NCRB,1,2024-12-31,2026-09-25,Table 4A.1 (PDF p. 461),Crime in India 2024,https://ncrb.gov.in/en/crime-india,"Extracted from NCRB Crime in India 2024, Vol. I (PDF, SHA-256 75b827bdcfcd5e64…, copy retrieved via https://data.opencity.in/dataset/crime-in-india-2024) — see data/raw/ncrb/2024/PROVENANCE.md."
2024,2024-01-01,2024-12-31,state,OR,Odisha,cac_police,pendency_pct,none,,34.5,percent,NCRB,1,2024-12-31,2026-09-25,Table 4A.4 (PDF p. 504),Crime in India 2024,https://ncrb.gov.in/en/crime-india,"Extracted from NCRB Crime in India 2024, Vol. I (PDF, SHA-256 75b827bdcfcd5e64…, copy retrieved via https://data.opencity.in/dataset/crime-in-india-2024) — see data/raw/ncrb/2024/PROVENANCE.md."
2022,2022-01-01,2022-12-31,state,PB,Punjab,cac_police,chargesheeting_rate_pct,none,,72.6,percent,NCRB,1,2022-12-31,2026-09-25,Table 4A.1 (PDF p. 369),Crime in India 2022,https://ncrb.gov.in/en/crime-india,"Extracted from NCRB Crime in India 2022, Vol. I (PDF, SHA-256 7c5ee3128b0b6bc7…, copy retrieved via https://data.opencity.in/dataset/crime-in-india-2022) — see data/raw/ncrb/2022/PROVENANCE.md."
2023,2023-01-01,2023-12-31,state,PB,Punjab,cac_police,chargesheeting_rate_pct,none,,66.9,percent,NCRB,1,2023-12-31,2026-09-25,Table 4A.1 (PDF p. 369),Crime in India 2023,https://ncrb.gov.in/en/crime-india,"Extracted from NCRB Crime in India 2023, Vol. I (PDF, SHA-256 553ac8b2eadfe9e2…, copy retrieved via https://data.opencity.in/dataset/crime-in-india-2023) — see data/raw/ncrb/2023/PROVENANCE.md."
2024,2024-01-01,2024-12-31,state,PB,Punjab,cac_police,chargesheeting_rate_pct,none,,68.5,percent,NCRB,1,2024-12-31,2026-09-25,Table 4A.1 (PDF p. 461),Crime in India 2024,https://ncrb.gov.in/en/crime-india,"Extracted from NCRB Crime in India 2024, Vol. I (PDF, SHA-256 75b827bdcfcd5e64…, copy retrieved via https://data.opencity.in/dataset/crime-in-india-2024) — see data/raw/ncrb/2024/PROVENANCE.md."
2024,2024-01-01,2024-12-31,state,PB,Punjab,cac_police,pendency_pct,none,,55.7,percent,NCRB,1,2024-12-31,2026-09-25,Table 4A.4 (PDF p. 504),Crime in India 2024,https://ncrb.gov.in/en/crime-india,"Extracted from NCRB Crime in India 2024, Vol. I (PDF, SHA-256 75b827bdcfcd5e64…, copy retrieved via https://data.opencity.in/dataset/crime-in-india-2024) — see data/raw/ncrb/2024/PROVENANCE.md."
2022,2022-01-01,2022-12-31,state,PY,Puducherry,cac_police,chargesheeting_rate_pct,none,,82.8,percent,NCRB,1,2022-12-31,2026-09-25,Table 4A.1 (PDF p. 369),Crime in India 2022,https://ncrb.gov.in/en/crime-india,"Extracted from NCRB Crime in India 2022, Vol. I (PDF, SHA-256 7c5ee3128b0b6bc7…, copy retrieved via https://data.opencity.in/dataset/crime-in-india-2022) — see data/raw/ncrb/2022/PROVENANCE.md."
2023,2023-01-01,2023-12-31,state,PY,Puducherry,cac_police,chargesheeting_rate_pct,none,,91.3,percent,NCRB,1,2023-12-31,2026-09-25,Table 4A.1 (PDF p. 369),Crime in India 2023,https://ncrb.gov.in/en/crime-india,"Extracted from NCRB Crime in India 2023, Vol. I (PDF, SHA-256 553ac8b2eadfe9e2…, copy retrieved via https://data.opencity.in/dataset/crime-in-india-2023) — see data/raw/ncrb/2023/PROVENANCE.md."
2024,2024-01-01,2024-12-31,state,PY,Puducherry,cac_police,chargesheeting_rate_pct,none,,90.6,percent,NCRB,1,2024-12-31,2026-09-25,Table 4A.1 (PDF p. 461),Crime in India 2024,https://ncrb.gov.in/en/crime-india,"Extracted from NCRB Crime in India 2024, Vol. I (PDF, SHA-256 75b827bdcfcd5e64…, copy retrieved via https://data.opencity.in/dataset/crime-in-india-2024) — see data/raw/ncrb/2024/PROVENANCE.md."
2024,2024-01-01,2024-12-31,state,PY,Puducherry,cac_police,pendency_pct,none,,22.0,percent,NCRB,1,2024-12-31,2026-09-25,Table 4A.4 (PDF p. 504),Crime in India 2024,https://ncrb.gov.in/en/crime-india,"Extracted from NCRB Crime in India 2024, Vol. I (PDF, SHA-256 75b827bdcfcd5e64…, copy retrieved via https://data.opencity.in/dataset/crime-in-india-2024) — see data/raw/ncrb/2024/PROVENANCE.md."
2022,2022-01-01,2022-12-31,state,RJ,Rajasthan,cac_police,chargesheeting_rate_pct,none,,55.0,percent,NCRB,1,2022-12-31,2026-09-25,Table 4A.1 (PDF p. 369),Crime in India 2022,https://ncrb.gov.in/en/crime-india,"Extracted from NCRB Crime in India 2022, Vol. I (PDF, SHA-256 7c5ee3128b0b6bc7…, copy retrieved via https://data.opencity.in/dataset/crime-in-india-2022) — see data/raw/ncrb/2022/PROVENANCE.md."
2023,2023-01-01,2023-12-31,state,RJ,Rajasthan,cac_police,chargesheeting_rate_pct,none,,50.0,percent,NCRB,1,2023-12-31,2026-09-25,Table 4A.1 (PDF p. 369),Crime in India 2023,https://ncrb.gov.in/en/crime-india,"Extracted from NCRB Crime in India 2023, Vol. I (PDF, SHA-256 553ac8b2eadfe9e2…, copy retrieved via https://data.opencity.in/dataset/crime-in-india-2023) — see data/raw/ncrb/2023/PROVENANCE.md."
2024,2024-01-01,2024-12-31,state,RJ,Rajasthan,cac_police,chargesheeting_rate_pct,none,,49.2,percent,NCRB,1,2024-12-31,2026-09-25,Table 4A.1 (PDF p. 461),Crime in India 2024,https://ncrb.gov.in/en/crime-india,"Extracted from NCRB Crime in India 2024, Vol. I (PDF, SHA-256 75b827bdcfcd5e64…, copy retrieved via https://data.opencity.in/dataset/crime-in-india-2024) — see data/raw/ncrb/2024/PROVENANCE.md."
2024,2024-01-01,2024-12-31,state,RJ,Rajasthan,cac_police,pendency_pct,none,,11.3,percent,NCRB,1,2024-12-31,2026-09-25,Table 4A.4 (PDF p. 504),Crime in India 2024,https://ncrb.gov.in/en/crime-india,"Extracted from NCRB Crime in India 2024, Vol. I (PDF, SHA-256 75b827bdcfcd5e64…, copy retrieved via https://data.opencity.in/dataset/crime-in-india-2024) — see data/raw/ncrb/2024/PROVENANCE.md."
2022,2022-01-01,2022-12-31,state,SK,Sikkim,cac_police,chargesheeting_rate_pct,none,,64.6,percent,NCRB,1,2022-12-31,2026-09-25,Table 4A.1 (PDF p. 369),Crime in India 2022,https://ncrb.gov.in/en/crime-india,"Extracted from NCRB Crime in India 2022, Vol. I (PDF, SHA-256 7c5ee3128b0b6bc7…, copy retrieved via https://data.opencity.in/dataset/crime-in-india-2022) — see data/raw/ncrb/2022/PROVENANCE.md."
2023,2023-01-01,2023-12-31,state,SK,Sikkim,cac_police,chargesheeting_rate_pct,none,,64.4,percent,NCRB,1,2023-12-31,2026-09-25,Table 4A.1 (PDF p. 369),Crime in India 2023,https://ncrb.gov.in/en/crime-india,"Extracted from NCRB Crime in India 2023, Vol. I (PDF, SHA-256 553ac8b2eadfe9e2…, copy retrieved via https://data.opencity.in/dataset/crime-in-india-2023) — see data/raw/ncrb/2023/PROVENANCE.md."
2024,2024-01-01,2024-12-31,state,SK,Sikkim,cac_police,chargesheeting_rate_pct,none,,66.9,percent,NCRB,1,2024-12-31,2026-09-25,Table 4A.1 (PDF p. 461),Crime in India 2024,https://ncrb.gov.in/en/crime-india,"Extracted from NCRB Crime in India 2024, Vol. I (PDF, SHA-256 75b827bdcfcd5e64…, copy retrieved via https://data.opencity.in/dataset/crime-in-india-2024) — see data/raw/ncrb/2024/PROVENANCE.md."
2024,2024-01-01,2024-12-31,state,SK,Sikkim,cac_police,pendency_pct,none,,7.9,percent,NCRB,1,2024-12-31,2026-09-25,Table 4A.4 (PDF p. 504),Crime in India 2024,https://ncrb.gov.in/en/crime-india,"Extracted from NCRB Crime in India 2024, Vol. I (PDF, SHA-256 75b827bdcfcd5e64…, copy retrieved via https://data.opencity.in/dataset/crime-in-india-2024) — see data/raw/ncrb/2024/PROVENANCE.md."
2022,2022-01-01,2022-12-31,state,TG,Telangana,cac_police,chargesheeting_rate_pct,none,,76.4,percent,NCRB,1,2022-12-31,2026-09-25,Table 4A.1 (PDF p. 369),Crime in India 2022,https://ncrb.gov.in/en/crime-india,"Extracted from NCRB Crime in India 2022, Vol. I (PDF, SHA-256 7c5ee3128b0b6bc7…, copy retrieved via https://data.opencity.in/dataset/crime-in-india-2022) — see data/raw/ncrb/2022/PROVENANCE.md."
2023,2023-01-01,2023-12-31,state,TG,Telangana,cac_police,chargesheeting_rate_pct,none,,72.6,percent,NCRB,1,2023-12-31,2026-09-25,Table 4A.1 (PDF p. 369),Crime in India 2023,https://ncrb.gov.in/en/crime-india,"Extracted from NCRB Crime in India 2023, Vol. I (PDF, SHA-256 553ac8b2eadfe9e2…, copy retrieved via https://data.opencity.in/dataset/crime-in-india-2023) — see data/raw/ncrb/2023/PROVENANCE.md."
2024,2024-01-01,2024-12-31,state,TG,Telangana,cac_police,chargesheeting_rate_pct,none,,68.2,percent,NCRB,1,2024-12-31,2026-09-25,Table 4A.1 (PDF p. 461),Crime in India 2024,https://ncrb.gov.in/en/crime-india,"Extracted from NCRB Crime in India 2024, Vol. I (PDF, SHA-256 75b827bdcfcd5e64…, copy retrieved via https://data.opencity.in/dataset/crime-in-india-2024) — see data/raw/ncrb/2024/PROVENANCE.md."
2024,2024-01-01,2024-12-31,state,TG,Telangana,cac_police,pendency_pct,none,,27.8,percent,NCRB,1,2024-12-31,2026-09-25,Table 4A.4 (PDF p. 504),Crime in India 2024,https://ncrb.gov.in/en/crime-india,"Extracted from NCRB Crime in India 2024, Vol. I (PDF, SHA-256 75b827bdcfcd5e64…, copy retrieved via https://data.opencity.in/dataset/crime-in-india-2024) — see data/raw/ncrb/2024/PROVENANCE.md."
2022,2022-01-01,2022-12-31,state,TN,Tamil Nadu,cac_police,chargesheeting_rate_pct,none,,93.3,percent,NCRB,1,2022-12-31,2026-09-25,Table 4A.1 (PDF p. 369),Crime in India 2022,https://ncrb.gov.in/en/crime-india,"Extracted from NCRB Crime in India 2022, Vol. I (PDF, SHA-256 7c5ee3128b0b6bc7…, copy retrieved via https://data.opencity.in/dataset/crime-in-india-2022) — see data/raw/ncrb/2022/PROVENANCE.md."
2023,2023-01-01,2023-12-31,state,TN,Tamil Nadu,cac_police,chargesheeting_rate_pct,none,,93.7,percent,NCRB,1,2023-12-31,2026-09-25,Table 4A.1 (PDF p. 369),Crime in India 2023,https://ncrb.gov.in/en/crime-india,"Extracted from NCRB Crime in India 2023, Vol. I (PDF, SHA-256 553ac8b2eadfe9e2…, copy retrieved via https://data.opencity.in/dataset/crime-in-india-2023) — see data/raw/ncrb/2023/PROVENANCE.md."
2024,2024-01-01,2024-12-31,state,TN,Tamil Nadu,cac_police,chargesheeting_rate_pct,none,,93.6,percent,NCRB,1,2024-12-31,2026-09-25,Table 4A.1 (PDF p. 461),Crime in India 2024,https://ncrb.gov.in/en/crime-india,"Extracted from NCRB Crime in India 2024, Vol. I (PDF, SHA-256 75b827bdcfcd5e64…, copy retrieved via https://data.opencity.in/dataset/crime-in-india-2024) — see data/raw/ncrb/2024/PROVENANCE.md."
2024,2024-01-01,2024-12-31,state,TN,Tamil Nadu,cac_police,pendency_pct,none,,43.2,percent,NCRB,1,2024-12-31,2026-09-25,Table 4A.4 (PDF p. 504),Crime in India 2024,https://ncrb.gov.in/en/crime-india,"Extracted from NCRB Crime in India 2024, Vol. I (PDF, SHA-256 75b827bdcfcd5e64…, copy retrieved via https://data.opencity.in/dataset/crime-in-india-2024) — see data/raw/ncrb/2024/PROVENANCE.md."
2022,2022-01-01,2022-12-31,state,TR,Tripura,cac_police,chargesheeting_rate_pct,none,,83.0,percent,NCRB,1,2022-12-31,2026-09-25,Table 4A.1 (PDF p. 369),Crime in India 2022,https://ncrb.gov.in/en/crime-india,"Extracted from NCRB Crime in India 2022, Vol. I (PDF, SHA-256 7c5ee3128b0b6bc7…, copy retrieved via https://data.opencity.in/dataset/crime-in-india-2022) — see data/raw/ncrb/2022/PROVENANCE.md."
2023,2023-01-01,2023-12-31,state,TR,Tripura,cac_police,chargesheeting_rate_pct,none,,86.4,percent,NCRB,1,2023-12-31,2026-09-25,Table 4A.1 (PDF p. 369),Crime in India 2023,https://ncrb.gov.in/en/crime-india,"Extracted from NCRB Crime in India 2023, Vol. I (PDF, SHA-256 553ac8b2eadfe9e2…, copy retrieved via https://data.opencity.in/dataset/crime-in-india-2023) — see data/raw/ncrb/2023/PROVENANCE.md."
2024,2024-01-01,2024-12-31,state,TR,Tripura,cac_police,chargesheeting_rate_pct,none,,89.2,percent,NCRB,1,2024-12-31,2026-09-25,Table 4A.1 (PDF p. 461),Crime in India 2024,https://ncrb.gov.in/en/crime-india,"Extracted from NCRB Crime in India 2024, Vol. I (PDF, SHA-256 75b827bdcfcd5e64…, copy retrieved via https://data.opencity.in/dataset/crime-in-india-2024) — see data/raw/ncrb/2024/PROVENANCE.md."
2024,2024-01-01,2024-12-31,state,TR,Tripura,cac_police,pendency_pct,none,,29.7,percent,NCRB,1,2024-12-31,2026-09-25,Table 4A.4 (PDF p. 504),Crime in India 2024,https://ncrb.gov.in/en/crime-india,"Extracted from NCRB Crime in India 2024, Vol. I (PDF, SHA-256 75b827bdcfcd5e64…, copy retrieved via https://data.opencity.in/dataset/crime-in-india-2024) — see data/raw/ncrb/2024/PROVENANCE.md."
2022,2022-01-01,2022-12-31,state,UP,Uttar Pradesh,cac_police,chargesheeting_rate_pct,none,,71.4,percent,NCRB,1,2022-12-31,2026-09-25,Table 4A.1 (PDF p. 369),Crime in India 2022,https://ncrb.gov.in/en/crime-india,"Extracted from NCRB Crime in India 2022, Vol. I (PDF, SHA-256 7c5ee3128b0b6bc7…, copy retrieved via https://data.opencity.in/dataset/crime-in-india-2022) — see data/raw/ncrb/2022/PROVENANCE.md."
2023,2023-01-01,2023-12-31,state,UP,Uttar Pradesh,cac_police,chargesheeting_rate_pct,none,,72.7,percent,NCRB,1,2023-12-31,2026-09-25,Table 4A.1 (PDF p. 369),Crime in India 2023,https://ncrb.gov.in/en/crime-india,"Extracted from NCRB Crime in India 2023, Vol. I (PDF, SHA-256 553ac8b2eadfe9e2…, copy retrieved via https://data.opencity.in/dataset/crime-in-india-2023) — see data/raw/ncrb/2023/PROVENANCE.md."
2024,2024-01-01,2024-12-31,state,UP,Uttar Pradesh,cac_police,chargesheeting_rate_pct,none,,70.5,percent,NCRB,1,2024-12-31,2026-09-25,Table 4A.1 (PDF p. 461),Crime in India 2024,https://ncrb.gov.in/en/crime-india,"Extracted from NCRB Crime in India 2024, Vol. I (PDF, SHA-256 75b827bdcfcd5e64…, copy retrieved via https://data.opencity.in/dataset/crime-in-india-2024) — see data/raw/ncrb/2024/PROVENANCE.md."
2024,2024-01-01,2024-12-31,state,UP,Uttar Pradesh,cac_police,pendency_pct,none,,9.2,percent,NCRB,1,2024-12-31,2026-09-25,Table 4A.4 (PDF p. 504),Crime in India 2024,https://ncrb.gov.in/en/crime-india,"Extracted from NCRB Crime in India 2024, Vol. I (PDF, SHA-256 75b827bdcfcd5e64…, copy retrieved via https://data.opencity.in/dataset/crime-in-india-2024) — see data/raw/ncrb/2024/PROVENANCE.md."
2022,2022-01-01,2022-12-31,state,UT,Uttarakhand,cac_police,chargesheeting_rate_pct,none,,65.6,percent,NCRB,1,2022-12-31,2026-09-25,Table 4A.1 (PDF p. 369),Crime in India 2022,https://ncrb.gov.in/en/crime-india,"Extracted from NCRB Crime in India 2022, Vol. I (PDF, SHA-256 7c5ee3128b0b6bc7…, copy retrieved via https://data.opencity.in/dataset/crime-in-india-2022) — see data/raw/ncrb/2022/PROVENANCE.md."
2023,2023-01-01,2023-12-31,state,UT,Uttarakhand,cac_police,chargesheeting_rate_pct,none,,58.9,percent,NCRB,1,2023-12-31,2026-09-25,Table 4A.1 (PDF p. 369),Crime in India 2023,https://ncrb.gov.in/en/crime-india,"Extracted from NCRB Crime in India 2023, Vol. I (PDF, SHA-256 553ac8b2eadfe9e2…, copy retrieved via https://data.opencity.in/dataset/crime-in-india-2023) — see data/raw/ncrb/2023/PROVENANCE.md."
2024,2024-01-01,2024-12-31,state,UT,Uttarakhand,cac_police,chargesheeting_rate_pct,none,,56.1,percent,NCRB,1,2024-12-31,2026-09-25,Table 4A.1 (PDF p. 461),Crime in India 2024,https://ncrb.gov.in/en/crime-india,"Extracted from NCRB Crime in India 2024, Vol. I (PDF, SHA-256 75b827bdcfcd5e64…, copy retrieved via https://data.opencity.in/dataset/crime-in-india-2024) — see data/raw/ncrb/2024/PROVENANCE.md."
2024,2024-01-01,2024-12-31,state,UT,Uttarakhand,cac_police,pendency_pct,none,,14.9,percent,NCRB,1,2024-12-31,2026-09-25,Table 4A.4 (PDF p. 504),Crime in India 2024,https://ncrb.gov.in/en/crime-india,"Extracted from NCRB Crime in India 2024, Vol. I (PDF, SHA-256 75b827bdcfcd5e64…, copy retrieved via https://data.opencity.in/dataset/crime-in-india-2024) — see data/raw/ncrb/2024/PROVENANCE.md."
2022,2022-01-01,2022-12-31,state,WB,West Bengal,cac_police,chargesheeting_rate_pct,none,,79.9,percent,NCRB,1,2022-12-31,2026-09-25,Table 4A.1 (PDF p. 369),Crime in India 2022,https://ncrb.gov.in/en/crime-india,"Extracted from NCRB Crime in India 2022, Vol. I (PDF, SHA-256 7c5ee3128b0b6bc7…, copy retrieved via https://data.opencity.in/dataset/crime-in-india-2022) — see data/raw/ncrb/2022/PROVENANCE.md."
2023,2023-01-01,2023-12-31,state,WB,West Bengal,cac_police,chargesheeting_rate_pct,none,,85.7,percent,NCRB,1,2023-12-31,2026-09-25,Table 4A.1 (PDF p. 369),Crime in India 2023,https://ncrb.gov.in/en/crime-india,"Extracted from NCRB Crime in India 2023, Vol. I (PDF, SHA-256 553ac8b2eadfe9e2…, copy retrieved via https://data.opencity.in/dataset/crime-in-india-2023) — see data/raw/ncrb/2023/PROVENANCE.md."
2024,2024-01-01,2024-12-31,state,WB,West Bengal,cac_police,chargesheeting_rate_pct,none,,77.2,percent,NCRB,1,2024-12-31,2026-09-25,Table 4A.1 (PDF p. 461),Crime in India 2024,https://ncrb.gov.in/en/crime-india,"Extracted from NCRB Crime in India 2024, Vol. I (PDF, SHA-256 75b827bdcfcd5e64…, copy retrieved via https://data.opencity.in/dataset/crime-in-india-2024) — see data/raw/ncrb/2024/PROVENANCE.md."
2024,2024-01-01,2024-12-31,state,WB,West Bengal,cac_police,pendency_pct,none,,36.9,percent,NCRB,1,2024-12-31,2026-09-25,Table 4A.4 (PDF p. 504),Crime in India 2024,https://ncrb.gov.in/en/crime-india,"Extracted from NCRB Crime in India 2024, Vol. I (PDF, SHA-256 75b827bdcfcd5e64…, copy retrieved via https://data.opencity.in/dataset/crime-in-india-2024) — see data/raw/ncrb/2024/PROVENANCE.md."
